feature,correlation
prev_5_avg,0.5887370678307616
prev_3_avg,0.5663939992799862
previous_ppr,0.4810469205578537
receptions_avg_5,0.3122504559361727
receptions_avg_3,0.2979228363167832
prev_5_targets_avg,0.2975250766376812
rushing_yards_avg_5,0.2930010733206027
prev_5_carries,0.2880652478627783
prev_3_targets_avg,0.28685836300801576
rushing_yards_avg_3,0.2861505273133241
receiving_yards_avg_5,0.28542230087838716
prev_3_carries,0.28501347289333356
receiving_yards_avg_3,0.2710559966424425
prev_carries,0.2624525626937923
prev_rushing_yards,0.2524106865701256
prev_receptions,0.2482256090158948
rushing_tds_avg_5,0.24752126284512194
prev_targets,0.24506275721571624
rushing_tds_avg_3,0.23341612942748782
prev_receiving_yards,0.223064073933533
prev_rushing_tds,0.17893898131743807
receiving_tds_avg_5,0.1720745690660873
receiving_tds_avg_3,0.150950533628323
prev_receiving_tds,0.10868184065036529
